tconst	titleType	primaryTitle	startYear	averageRating	numVotes
tt0070034	movie	Enter the Dragon	1973	7.6	112401
tt0070047	movie	The Exorcist	1973	8.1	451775
tt0070379	movie	Mean Streets	1973	7.2	118768
tt0070511	movie	Papillon	1973	8.0	137771
tt0070608	movie	Robin Hood	1973	7.5	138028
tt0070666	movie	Serpico	1973	7.7	133830
tt0070735	movie	The Sting	1973	8.3	278175
tt0071230	movie	Blazing Saddles	1974	7.7	151304
tt0071315	movie	Chinatown	1974	8.1	347411
tt0071360	movie	The Conversation	1974	7.7	120719
tt0071562	movie	The Godfather Part II	1974	9.0	1354649
tt0071853	movie	Monty Python and the Holy Grail	1975	8.2	567482
tt0072271	movie	The Texas Chain Saw Massacre	1974	7.4	182044
tt0072431	movie	Young Frankenstein	1974	8.0	168106
tt0072684	movie	Barry Lyndon	1975	8.1	181759
tt0072890	movie	Dog Day Afternoon	1975	8.0	271760
tt0073195	movie	Jaws	1975	8.1	655007
tt0073486	movie	One Flew Over the Cuckoo's Nest	1975	8.7	1065988
tt0073629	movie	The Rocky Horror Picture Show	1975	7.4	165923
tt0074119	movie	All the President's Men	1976	7.9	125295
tt0074285	movie	Carrie	1976	7.4	205314
tt0074486	movie	Eraserhead	1977	7.3	126427
tt0074958	movie	Network	1976	8.1	169425
tt0075005	movie	The Omen	1976	7.5	129951
tt0075148	movie	Rocky	1976	8.1	624213
tt0075314	movie	Taxi Driver	1976	8.2	912892
tt0075686	movie	Annie Hall	1977	8.0	277028
tt0075860	movie	Close Encounters of the Third Kind	1977	7.6	215523
tt0076759	movie	Star Wars: Episode IV - A New Hope	1977	8.6	1440871
tt0076786	movie	Suspiria	1977	7.3	104465
tt0077402	movie	Dawn of the Dead	1978	7.8	127867
tt0077416	movie	The Deer Hunter	1978	8.1	360168
tt0077631	movie	Grease	1978	7.2	298393
tt0077651	movie	Halloween	1978	7.7	305056
tt0077975	movie	National Lampoon's Animal House	1978	7.4	128608
tt0078346	movie	Superman	1978	7.4	186545
tt0078748	movie	Alien	1979	8.5	942838
tt0078788	movie	Apocalypse Now	1979	8.4	705448
tt0079116	movie	Escape from Alcatraz	1979	7.6	146571
tt0079417	movie	Kramer vs. Kramer	1979	7.8	153774
tt0079470	movie	Life of Brian	1979	8.0	420460
tt0079522	movie	Manhattan	1979	7.8	146556
tt0079817	movie	Rocky II	1979	7.3	229873
tt0079944	movie	Stalker	1979	8.1	143678
tt0080120	movie	The Warriors	1979	7.5	109884
tt0080339	movie	Airplane!	1980	7.7	258984
tt0080455	movie	The Blues Brothers	1980	7.9	213113
tt0080487	movie	Caddyshack	1980	7.2	126461
tt0080678	movie	The Elephant Man	1980	8.2	256920
tt0080684	movie	Star Wars: Episode V - The Empire Strikes Back	1980	8.7	1370371
tt0081398	movie	Raging Bull	1980	8.1	377758
tt0081505	movie	The Shining	1980	8.4	1098378
tt0082010	movie	An American Werewolf in London	1981	7.5	119476
tt0082096	movie	The Boat	1981	8.4	263042
tt0082340	movie	Escape from New York	1981	7.1	156150
tt0082406	movie	The Fox and the Hound	1981	7.2	101177
tt0082694	movie	The Road Warrior	1981	7.6	192281
tt0082971	movie	Raiders of the Lost Ark	1981	8.4	1031663
tt0083658	movie	Blade Runner	1982	8.1	817544
tt0083866	movie	E.T. the Extra-Terrestrial	1982	7.9	434969
tt0083907	movie	The Evil Dead	1981	7.4	231197
tt0083929	movie	Fast Times at Ridgemont High	1982	7.1	114963
tt0083944	movie	First Blood	1982	7.7	273392
tt0083987	movie	Gandhi	1982	8.0	239571
tt0084516	movie	Poltergeist	1982	7.3	178498
tt0084726	movie	Star Trek II: The Wrath of Khan	1982	7.7	128694
tt0084787	movie	The Thing	1982	8.2	462809
tt0084805	movie	Tootsie	1982	7.4	114051
tt0085334	movie	A Christmas Story	1983	7.9	168320
tt0085794	movie	The King of Comedy	1982	7.8	117981
tt0085959	movie	The Meaning of Life	1983	7.5	124893
tt0085995	movie	Vacation	1983	7.3	119511
tt0086190	movie	Star Wars: Episode VI - Return of the Jedi	1983	8.3	1114261
tt0086250	movie	Scarface	1983	8.3	909224
tt0086465	movie	Trading Places	1983	7.5	164791
tt0086541	movie	Videodrome	1983	7.2	102220
tt0086567	movie	WarGames	1983	7.1	109924
tt0086879	movie	Amadeus	1984	8.4	425091
tt0086960	movie	Beverly Hills Cop	1984	7.4	200521
tt0086979	movie	Blood Simple	1984	7.5	104338
tt0087332	movie	Ghostbusters	1984	7.8	442459
tt0087363	movie	Gremlins	1984	7.3	246296
tt0087469	movie	Indiana Jones and the Temple of Doom	1984	7.5	532714
tt0087538	movie	The Karate Kid	1984	7.3	242840
tt0087544	movie	Nausicaä of the Valley of the Wind	1984	8.0	181186
tt0087800	movie	A Nightmare on Elm Street	1984	7.4	260712
tt0087843	movie	Once Upon a Time in America	1984	8.3	375200
tt0087884	movie	Paris, Texas	1984	8.1	117166
tt0088247	movie	The Terminator	1984	8.1	918137
tt0088258	movie	This Is Spinal Tap	1984	7.9	146585
tt0088323	movie	The NeverEnding Story	1984	7.3	155701
tt0088763	movie	Back to the Future	1985	8.5	1296711
tt0088846	movie	Brazil	1985	7.9	210424
tt0088847	movie	The Breakfast Club	1985	7.8	433487
tt0088930	movie	Clue	1985	7.2	108253
tt0089218	movie	The Goonies	1985	7.7	296230
tt0089881	movie	Ran	1985	8.2	135155
tt0090329	movie	Witness	1985	7.4	103916
tt0090605	movie	Aliens	1986	8.4	757942
tt0090728	movie	Big Trouble in Little China	1986	7.2	152736
tt0090756	movie	Blue Velvet	1986	7.7	214239
tt0091042	movie	Ferris Bueller's Day Off	1986	7.8	384105
tt0091064	movie	The Fly	1986	7.6	200381
tt0091369	movie	Labyrinth	1986	7.3	148502
tt0091605	movie	The Name of the Rose	1986	7.7	116490
tt0091763	movie	Platoon	1986	8.1	436814
tt0092005	movie	Stand by Me	1986	8.1	438264
tt0092067	movie	Castle in the Sky	1986	8.0	180501
tt0092400	tvSeries	Married... with Children	1987	8.1	110514
tt0092455	tvSeries	Star Trek: The Next Generation	1987	8.7	134703
tt0092965	movie	Empire of the Sun	1987	7.7	133650
tt0092991	movie	Evil Dead II	1987	7.7	180907
tt0093058	movie	Full Metal Jacket	1987	8.3	785718
tt0093105	movie	Good Morning, Vietnam	1987	7.3	152696
tt0093389	movie	The Last Emperor	1987	7.7	110707
tt0093409	movie	Lethal Weapon	1987	7.6	274886
tt0093437	movie	The Lost Boys	1987	7.2	159900
tt0093748	movie	Planes, Trains & Automobiles	1987	7.6	159339
tt0093773	movie	Predator	1987	7.8	451531
tt0093779	movie	The Princess Bride	1987	8.0	448743
tt0093822	movie	Raising Arizona	1987	7.3	149244
tt0093870	movie	RoboCop	1987	7.6	280937
tt0094012	movie	Spaceballs	1987	7.1	205191
tt0094226	movie	The Untouchables	1987	7.8	329038
tt0094291	movie	Wall Street	1987	7.3	164410
tt0094625	movie	Akira	1988	8.0	203485
tt0094721	movie	Beetlejuice	1988	7.5	335010
tt0094737	movie	Big	1988	7.3	238642
tt0094898	movie	Coming to America	1988	7.1	222207
tt0095016	movie	Die Hard	1988	8.2	939971
tt0095159	movie	A Fish Called Wanda	1988	7.5	153080
tt0095327	movie	Grave of the Fireflies	1988	8.5	306871
tt0095647	movie	Mississippi Burning	1988	7.8	109657
tt0095705	movie	The Naked Gun: From the Files of Police Squad!	1988	7.6	183298
tt0095765	movie	Cinema Paradiso	1988	8.5	280705
tt0095953	movie	Rain Man	1988	8.0	543538
tt0096256	movie	They Live	1988	7.2	144155
tt0096283	movie	My Neighbor Totoro	1988	8.1	375977
tt0096438	movie	Who Framed Roger Rabbit	1988	7.7	215575
tt0096446	movie	Willow	1988	7.2	129365
tt0096657	tvSeries	Mr. Bean	1990	8.6	132054
tt0096697	tvSeries	The Simpsons	1989	8.7	433284
tt0096754	movie	The Abyss	1989	7.5	190882
tt0096874	movie	Back to the Future Part II	1989	7.8	568993
tt0096895	movie	Batman	1989	7.5	401887
tt0096969	movie	Born on the Fourth of July	1989	7.2	115241
tt0097165	movie	Dead Poets Society	1989	8.1	540085
tt0097216	movie	Do the Right Thing	1989	8.0	111614
tt0097239	movie	Driving Miss Daisy	1989	7.3	116954
tt0097351	movie	Field of Dreams	1989	7.5	127118
tt0097441	movie	Glory	1989	7.8	143546
tt0097493	movie	Heathers	1988	7.2	114815
tt0097576	movie	Indiana Jones and the Last Crusade	1989	8.2	806737
tt0097733	movie	Lethal Weapon 2	1989	7.3	187842
tt0097757	movie	The Little Mermaid	1989	7.6	289185
tt0097814	movie	Kiki's Delivery Service	1989	7.8	163433
tt0097958	movie	National Lampoon's Christmas Vacation	1989	7.5	219440
tt0098554	movie	Uncle Buck	1989	7.1	107132
tt0098635	movie	When Harry Met Sally...	1989	7.7	240647
tt0098800	tvSeries	The Fresh Prince of Bel-Air	1990	7.9	143816
tt0098904	tvSeries	Seinfeld	1989	8.9	348442
tt0098936	tvSeries	Twin Peaks	1990	8.8	213609
tt0099077	movie	Awakenings	1990	7.8	157314
tt0099088	movie	Back to the Future Part III	1990	7.4	477969
tt0099348	movie	Dances with Wolves	1990	8.0	288319
tt0099423	movie	Die Hard 2	1990	7.1	381605
tt0099487	movie	Edward Scissorhands	1990	7.9	521011
tt0099653	movie	Ghost	1990	7.1	234222
tt0099674	movie	The Godfather Part III	1990	7.6	421766
tt0099685	movie	Goodfellas	1990	8.7	1247394
tt0099785	movie	Home Alone	1990	7.7	649451
tt0099810	movie	The Hunt for Red October	1990	7.5	213309
tt0099871	movie	Jacob's Ladder	1990	7.4	117247
tt0100150	movie	Miller's Crossing	1990	7.7	141474
tt0100157	movie	Misery	1990	7.8	233604
tt0100405	movie	Pretty Woman	1990	7.1	358024
tt0100802	movie	Total Recall	1990	7.5	352206
tt0100814	movie	Tremors	1990	7.2	148976
tt0100935	movie	Wild at Heart	1990	7.2	100308
tt0101410	movie	Barton Fink	1991	7.6	128409
tt0101414	movie	Beauty and the Beast	1991	8.0	477488
tt0101507	movie	Boyz n the Hood	1991	7.8	153412
tt0101540	movie	Cape Fear	1991	7.3	214923
tt0102138	movie	JFK	1991	8.0	169040
tt0102685	movie	Point Break	1991	7.3	200096
tt0102926	movie	The Silence of the Lambs	1991	8.6	1536433
tt0103064	movie	Terminator 2: Judgment Day	1991	8.6	1166365
tt0103074	movie	Thelma & Louise	1991	7.6	171175
tt0103359	tvSeries	Batman: The Animated Series	1992	9.0	115667
tt0103639	movie	Aladdin	1992	8.0	462630
tt0103776	movie	Batman Returns	1992	7.1	325548
tt0103873	movie	Dead Alive	1992	7.5	102758
tt0103874	movie	Bram Stoker's Dracula	1992	7.4	236802
tt0104257	movie	A Few Good Men	1992	7.7	285422
tt0104348	movie	Glengarry Glen Ross	1992	7.7	115152
tt0104652	movie	Porco Rosso	1992	7.7	100927
tt0104691	movie	The Last of the Mohicans	1992	7.7	186130
tt0104694	movie	A League of Their Own	1992	7.3	120051
tt0104797	movie	Malcolm X	1992	7.7	101478
tt0104952	movie	My Cousin Vinny	1992	7.6	139019
tt0105236	movie	Reservoir Dogs	1992	8.3	1081168
tt0105323	movie	Scent of a Woman	1992	8.0	326170
tt0105665	movie	Twin Peaks: Fire Walk with Me	1992	7.3	104409
tt0105695	movie	Unforgiven	1992	8.2	433774
tt0106179	tvSeries	The X-Files	1993	8.6	247521
tt0106308	movie	Army of Darkness	1992	7.4	193381
tt0106489	movie	A Bronx Tale	1993	7.8	159290
tt0106519	movie	Carlito's Way	1993	7.9	231182
tt0106677	movie	Dazed and Confused	1993	7.6	198026
tt0106856	movie	Falling Down	1993	7.6	205293
tt0106977	movie	The Fugitive	1993	7.8	316298
tt0107048	movie	Groundhog Day	1993	8.0	680480
tt0107206	movie	In the Line of Fire	1993	7.2	112974
tt0107207	movie	In the Name of the Father	1993	8.1	185987
tt0107290	movie	Jurassic Park	1993	8.2	1059136
tt0107614	movie	Mrs. Doubtfire	1993	7.1	289050
tt0107688	movie	The Nightmare Before Christmas	1993	7.9	373319
tt0107818	movie	Philadelphia	1993	7.7	256744
tt0108037	movie	The Sandlot	1993	7.8	101535
tt0108052	movie	Schindler's List	1993	9.0	1439792
tt0108358	movie	Tombstone	1993	7.8	164687
tt0108394	movie	Three Colors: Blue	1993	7.9	109807
tt0108399	movie	True Romance	1993	7.9	241038
tt0108550	movie	What's Eating Gilbert Grape	1993	7.7	252663
tt0108778	tvSeries	Friends	1994	8.9	1079650
tt0109445	movie	Clerks	1994	7.7	231555
tt0109506	movie	The Crow	1994	7.5	198454
tt0109686	movie	Dumb and Dumber	1994	7.3	409112
tt0109707	movie	Ed Wood	1994	7.8	183366
tt0109830	movie	Forrest Gump	1994	8.8	2237830
tt0109831	movie	Four Weddings and a Funeral	1994	7.1	164980
tt0110148	movie	Interview with the Vampire: The Vampire Chronicles	1994	7.5	345238
tt0110322	movie	Legends of the Fall	1994	7.5	181551
tt0110357	movie	The Lion King	1994	8.5	1133660
tt0110413	movie	Léon: The Professional	1994	8.5	1236892
tt0110632	movie	Natural Born Killers	1994	7.2	250416
tt0110912	movie	Pulp Fiction	1994	8.9	2201269
tt0111161	movie	The Shawshank Redemption	1994	9.3	2866302
tt0111257	movie	Speed	1994	7.3	389379
tt0111495	movie	Three Colors: Red	1994	8.1	109400
tt0111503	movie	True Lies	1994	7.3	278942
tt0112384	movie	Apollo 13	1995	7.7	313584
tt0112461	movie	The Basketball Diaries	1995	7.3	120301
tt0112471	movie	Before Sunrise	1995	8.1	336688
tt0112573	movie	Braveheart	1995	8.3	1086051
tt0112641	movie	Casino	1995	8.2	559751
tt0112740	movie	Crimson Tide	1995	7.3	122496
tt0112817	movie	Dead Man	1995	7.5	102656
tt0112818	movie	Dead Man Walking	1995	7.5	101222
tt0112851	movie	Desperado	1995	7.1	196720
tt0112864	movie	Die Hard with a Vengeance	1995	7.6	406475
tt0113118	movie	Friday	1995	7.2	123674
tt0113189	movie	GoldenEye	1995	7.2	269216
tt0113247	movie	La haine	1995	8.1	194233
tt0113277	movie	Heat	1995	8.3	713730
tt0113497	movie	Jumanji	1995	7.1	374124
tt0113568	movie	Ghost in the Shell	1995	7.9	155613
tt0113627	movie	Leaving Las Vegas	1995	7.5	133690
tt0114369	movie	Se7en	1995	8.6	1783352
tt0114388	movie	Sense and Sensibility	1995	7.7	124740
tt0114709	movie	Toy Story	1995	8.3	1061326
tt0114746	movie	12 Monkeys	1995	8.0	643973
tt0114814	movie	The Usual Suspects	1995	8.5	1139063
tt0116209	movie	The English Patient	1996	7.4	199144
tt0116282	movie	Fargo	1996	8.1	721666
tt0116367	movie	From Dusk Till Dawn	1996	7.2	338125
tt0116695	movie	Jerry Maguire	1996	7.3	285312
tt0116922	movie	Lost Highway	1997	7.6	152268
tt0117060	movie	Mission: Impossible	1996	7.2	467704
tt0117318	movie	The People vs. Larry Flynt	1996	7.3	100321
tt0117381	movie	Primal Fear	1996	7.7	244919
tt0117500	movie	The Rock	1996	7.4	356336
tt0117571	movie	Scream	1996	7.4	385708
tt0117665	movie	Sleepers	1996	7.5	236580
tt0117731	movie	Star Trek: First Contact	1996	7.6	131573
tt0117913	movie	A Time to Kill	1996	7.5	180481
tt0117951	movie	Trainspotting	1996	8.1	721927
tt0118276	tvSeries	Buffy the Vampire Slayer	1997	8.3	158671
tt0118421	tvSeries	Oz	1997	8.7	106035
tt0118480	tvSeries	Stargate SG-1	1997	8.4	100708
tt0118617	movie	Anastasia	1997	7.1	135197
tt0118694	movie	In the Mood for Love	2000	8.1	165498
tt0118715	movie	The Big Lebowski	1998	8.1	855442
tt0118749	movie	Boogie Nights	1997	7.9	280737
tt0118799	movie	Life Is Beautiful	1997	8.6	738443
tt0118842	movie	Chasing Amy	1997	7.2	143326
tt0118884	movie	Contact	1997	7.5	291579
tt0118929	movie	Dark City	1998	7.6	211096
tt0118971	movie	The Devil's Advocate	1997	7.5	399372
tt0119008	movie	Donnie Brasco	1997	7.7	330272
tt0119094	movie	Face/Off	1997	7.3	398789
tt0119116	movie	The Fifth Element	1997	7.6	502631
tt0119164	movie	The Full Monty	1997	7.2	113648
tt0119174	movie	The Game	1997	7.7	426420
tt0119177	movie	Gattaca	1997	7.7	321474
tt0119217	movie	Good Will Hunting	1997	8.3	1056757
tt0119282	movie	Hercules	1997	7.3	253043
tt0119396	movie	Jackie Brown	1997	7.5	372165
tt0119488	movie	L.A. Confidential	1997	8.2	614189
tt0119643	movie	Meet Joe Black	1998	7.2	262911
tt0119654	movie	Men in Black	1997	7.3	608629
tt0119698	movie	Princess Mononoke	1997	8.3	429624
tt0119822	movie	As Good as It Gets	1997	7.7	316789
tt0120102	movie	Seven Years in Tibet	1997	7.1	154917
tt0120188	movie	Three Kings	1999	7.1	179768
tt0120201	movie	Starship Troopers	1997	7.3	317710
tt0120338	movie	Titanic	1997	7.9	1271817
tt0120363	movie	Toy Story 2	1999	7.9	615958
tt0120382	movie	The Truman Show	1998	8.2	1184327
tt0120586	movie	American History X	1998	8.5	1179850
tt0120601	movie	Being John Malkovich	1999	7.7	351919
tt0120611	movie	Blade	1998	7.1	296511
tt0120616	movie	The Mummy	1999	7.1	457970
tt0120623	movie	A Bug's Life	1998	7.2	312614
tt0120630	movie	Chicken Run	2000	7.1	211186
tt0120655	movie	Dogma	1999	7.3	227689
tt0120660	movie	Enemy of the State	1998	7.3	257755
tt0120663	movie	Eyes Wide Shut	1999	7.5	372275
tt0120669	movie	Fear and Loathing in Las Vegas	1998	7.5	300090
tt0120689	movie	The Green Mile	1999	8.6	1396291
tt0120735	movie	Lock, Stock and Two Smoking Barrels	1998	8.1	612805
tt0120737	movie	The Lord of the Rings: The Fellowship of the Ring	2001	8.9	1991343
tt0120762	movie	Mulan	1998	7.7	313919
tt0120768	movie	The Negotiator	1998	7.3	154102
tt0120784	movie	Payback	1999	7.1	144958
tt0120789	movie	Pleasantville	1998	7.5	135788
tt0120794	movie	The Prince of Egypt	1998	7.2	144870
tt0120815	movie	Saving Private Ryan	1998	8.6	1485887
tt0120855	movie	Tarzan	1999	7.3	245324
tt0120863	movie	The Thin Red Line	1998	7.6	198571
tt0120903	movie	X-Men	2000	7.3	642993
tt0120917	movie	The Emperor's New Groove	2000	7.4	223632
tt0121164	movie	Corpse Bride	2005	7.4	297056
tt0121766	movie	Star Wars: Episode III - Revenge of the Sith	2005	7.6	839957
tt0121955	tvSeries	South Park	1997	8.7	403572
tt0122690	movie	Ronin	1998	7.2	194023
tt0123755	movie	Cube	1997	7.1	246467
tt0124315	movie	The Cider House Rules	1999	7.4	104365
tt0125439	movie	Notting Hill	1999	7.2	339609
tt0125664	movie	Man on the Moon	1999	7.4	136960
tt0126029	movie	Shrek	2001	7.9	728484
tt0126886	movie	Election	1999	7.3	103915
tt0127536	movie	Elizabeth	1998	7.4	104731
tt0128442	movie	Rounders	1998	7.3	159507
tt0128445	movie	Rushmore	1998	7.6	197126
tt0129167	movie	The Iron Giant	1999	8.1	224745
tt0129387	movie	There's Something About Mary	1998	7.1	327362
tt0130827	movie	Run Lola Run	1998	7.7	206236
tt0133093	movie	The Matrix	1999	8.7	2036553
tt0133240	movie	Treasure Planet	2002	7.2	131881
tt0134119	movie	The Talented Mr. Ripley	1999	7.4	235637
tt0137523	movie	Fight Club	1999	8.8	2301612
tt0138097	movie	Shakespeare in Love	1998	7.1	233531
tt0138704	movie	Pi	1998	7.3	185856
tt0139654	movie	Training Day	2001	7.7	469589
tt0140352	movie	The Insider	1999	7.8	179362
tt0141842	tvSeries	The Sopranos	1999	9.2	463668
tt0144084	movie	American Psycho	2000	7.6	706649
tt0144117	movie	The Boondock Saints	1999	7.7	249308
tt0145487	movie	Spider-Man	2002	7.4	872974
tt0146882	movie	High Fidelity	2000	7.4	188955
tt0147800	movie	10 Things I Hate About You	1999	7.3	380743
tt0149460	tvSeries	Futurama	1999	8.5	259356
tt0151804	movie	Office Space	1999	7.6	285883
tt0154506	movie	Following	1998	7.5	100911
tt0158983	movie	South Park: Bigger, Longer & Uncut	1999	7.7	214144
tt0159097	movie	The Virgin Suicides	1999	7.2	168039
tt0159206	tvSeries	Sex and the City	1998	7.3	141271
tt0159365	movie	Cold Mountain	2003	7.2	155443
tt0162222	movie	Cast Away	2000	7.8	634525
tt0162346	movie	Ghost World	2001	7.3	126273
tt0162661	movie	Sleepy Hollow	1999	7.3	382060
tt0165598	tvSeries	That '70s Show	1998	8.1	188468
tt0166924	movie	Mulholland Drive	2001	7.9	381391
tt0167260	movie	The Lord of the Rings: The Return of the King	2003	9.0	1963343
tt0167261	movie	The Lord of the Rings: The Two Towers	2002	8.8	1770153
tt0167404	movie	The Sixth Sense	1999	8.2	1044992
tt0168629	movie	Dancer in the Dark	2000	7.9	116216
tt0169102	movie	Lagaan: Once Upon a Time in India	2001	8.1	120228
tt0169547	movie	American Beauty	1999	8.3	1205124
tt0171804	movie	Boys Don't Cry	1999	7.5	102917
tt0172493	movie	Girl, Interrupted	1999	7.3	209475
tt0172495	movie	Gladiator	2000	8.5	1606783
tt0174856	movie	The Hurricane	1999	7.6	102030
tt0175880	movie	Magnolia	1999	8.0	327009
tt0177789	movie	Galaxy Quest	1999	7.4	176779
tt0180093	movie	Requiem for a Dream	2000	8.3	893305
tt0181689	movie	Minority Report	2002	7.6	581281
tt0181865	movie	Traffic	2000	7.6	218896
tt0181875	movie	Almost Famous	2000	7.9	291907
tt0182576	tvSeries	Family Guy	1999	8.1	362101
tt0183649	movie	Phone Booth	2002	7.1	284402
tt0185125	movie	All About My Mother	1999	7.8	102389
tt0186151	movie	Frequency	2000	7.4	115186
tt0187393	movie	The Patriot	2000	7.2	291815
tt0190332	movie	Crouching Tiger, Hidden Dragon	2000	7.9	280730
tt0190590	movie	O Brother, Where Art Thou?	2000	7.7	329109
tt0193676	tvSeries	Freaks and Geeks	1999	8.8	152421
tt0195685	movie	Erin Brockovich	2000	7.4	219069
tt0198781	movie	Monsters, Inc.	2001	8.1	971979
tt0200465	movie	The Bank Job	2008	7.2	188599
tt0203009	movie	Moulin Rouge!	2001	7.6	298050
tt0203019	movie	Men of Honor	2000	7.2	124619
tt0203259	tvSeries	Law & Order: Special Victims Unit	1999	8.1	122514
tt0206512	tvSeries	SpongeBob SquarePants	1999	8.2	110248
tt0206634	movie	Children of Men	2006	7.9	526896
tt0208092	movie	Snatch	2000	8.2	904018
tt0209144	movie	Memento	2000	8.4	1314015
tt0210945	movie	Remember the Titans	2000	7.8	230678
tt0211915	movie	Amélie	2001	8.3	790907
tt0212671	tvSeries	Malcolm in the Middle	2000	8.2	141556
tt0212720	movie	A.I. Artificial Intelligence	2001	7.2	321669
tt0213338	tvSeries	Cowboy Bebop	1998	8.9	136963
tt0213847	movie	Malena	2000	7.4	111259
tt0214341	tvSeries	Dragon Ball Z	1989	8.8	145736
tt0215750	movie	Enemy at the Gates	2001	7.5	276375
tt0217505	movie	Gangs of New York	2002	7.5	470416
tt0217869	movie	Unbreakable	2000	7.3	438828
tt0221027	movie	Blow	2001	7.5	273910
tt0223897	movie	Pay It Forward	2000	7.2	123551
tt0230600	movie	The Others	2001	7.6	391098
tt0234215	movie	The Matrix Reloaded	2003	7.2	627114
tt0238380	movie	Equilibrium	2002	7.3	345599
tt0238784	tvSeries	Gilmore Girls	2000	8.2	146586
tt0240772	movie	Ocean's Eleven	2001	7.7	614358
tt0241303	movie	Chocolat	2000	7.2	201100
tt0241527	movie	Harry Potter and the Sorcerer's Stone	2001	7.6	850426
tt0243133	movie	The Man Who Wasn't There	2001	7.5	114612
tt0245429	movie	Spirited Away	2001	8.6	840130
tt0245574	movie	And Your Mother Too	2001	7.7	128463
tt0245712	movie	Amores Perros	2000	8.1	251833
tt0245844	movie	The Count of Monte Cristo	2002	7.7	147655
tt0246578	movie	Donnie Darko	2001	8.0	845260
tt0248654	tvSeries	Six Feet Under	2001	8.7	148026
tt0249462	movie	Billy Elliot	2000	7.7	141970
tt0251160	movie	John Q	2002	7.1	143004
tt0253474	movie	The Pianist	2002	8.5	904360
tt0257044	movie	Road to Perdition	2002	7.7	283185
tt0257360	movie	About Schmidt	2002	7.2	133147
tt0258463	movie	The Bourne Identity	2002	7.8	573509
tt0264235	tvSeries	Curb Your Enthusiasm	2000	8.8	143190
tt0264464	movie	Catch Me If You Can	2002	8.1	1084438
tt0265086	movie	Black Hawk Down	2001	7.7	421244
tt0265666	movie	The Royal Tenenbaums	2001	7.6	311830
tt0266308	movie	Battle Royale	2000	7.5	193552
tt0266543	movie	Finding Nemo	2003	8.2	1106012
tt0266697	movie	Kill Bill: Vol. 1	2003	8.2	1183747
tt0266987	movie	Spy Game	2001	7.1	166319
tt0268126	movie	Adaptation.	2002	7.7	202083
tt0268380	movie	Ice Age	2002	7.5	515363
tt0268978	movie	A Beautiful Mind	2001	8.2	981237
tt0272152	movie	K-PAX	2001	7.4	192387
tt0272338	movie	Punch-Drunk Love	2002	7.3	175957
tt0274558	movie	The Hours	2002	7.5	138039
tt0275847	movie	Lilo & Stitch	2002	7.3	209898
tt0276751	movie	About a Boy	2002	7.1	191164
tt0276919	movie	Dogville	2003	8.0	157841
tt0277027	movie	I Am Sam	2001	7.6	154859
tt0277434	movie	We Were Soldiers	2002	7.2	150495
tt0278504	movie	Insomnia	2002	7.2	316609
tt0279600	tvSeries	Smallville	2001	7.5	137174
tt0281358	movie	A Walk to Remember	2002	7.3	220580
tt0285331	tvSeries	24	2001	8.4	196137
tt0285403	tvSeries	Scrubs	2001	8.4	269480
tt0287467	movie	Talk to Her	2002	7.9	117114
tt0289043	movie	28 Days Later	2002	7.5	441914
tt0289765	movie	Red Dragon	2002	7.2	289448
tt0289879	movie	The Butterfly Effect	2004	7.6	518531
tt0289992	movie	The Life of David Gale	2003	7.5	125557
tt0290334	movie	X2	2003	7.4	573321
tt0290673	movie	Irreversible	2002	7.3	146648
tt0290978	tvSeries	The Office	2001	8.5	122335
tt0292963	movie	Before the Devil Knows You're Dead	2007	7.3	110866
tt0293508	movie	The Phantom of the Opera	2004	7.2	130153
tt0295297	movie	Harry Potter and the Chamber of Secrets	2002	7.4	687607
tt0298130	movie	The Ring	2002	7.1	372795
tt0298148	movie	Shrek 2	2004	7.3	500984
tt0298203	movie	8 Mile	2002	7.2	318380
tt0299658	movie	Chicago	2002	7.2	242202
tt0299977	movie	Hero	2002	7.9	187139
tt0301357	movie	Good Bye Lenin!	2003	7.7	152125
tt0303461	tvSeries	Firefly	2002	9.0	280221
tt0304141	movie	Harry Potter and the Prisoner of Azkaban	2004	7.9	686505
tt0306414	tvSeries	The Wire	2002	9.3	373501
tt0307901	movie	25th Hour	2002	7.6	184227
tt0307987	movie	Bad Santa	2003	7.1	154775
tt0308644	movie	Finding Neverland	2004	7.7	211580
tt0309698	movie	Identity	2003	7.3	265658
tt0309987	movie	The Dreamers	2003	7.1	130685
tt0310793	movie	Bowling for Columbine	2002	8.0	148403
tt0311113	movie	Master and Commander: The Far Side of the World	2003	7.5	236534
tt0312004	movie	Wallace & Gromit: The Curse of the Were-Rabbit	2005	7.5	145450
tt0313542	movie	Runaway Jury	2003	7.1	104113
tt0314331	movie	Love Actually	2003	7.6	529568
tt0315733	movie	21 Grams	2003	7.6	245154
tt0316654	movie	Spider-Man 2	2004	7.5	702577
tt0317219	movie	Cars	2006	7.2	464592
tt0317248	movie	City of God	2002	8.6	796117
tt0317705	movie	The Incredibles	2004	8.0	801908
tt0318462	movie	The Motorcycle Diaries	2004	7.7	104492
tt0319061	movie	Big Fish	2003	8.0	457367
tt0319343	movie	Elf	2003	7.1	309657
tt0320661	movie	Kingdom of Heaven	2005	7.3	311726
tt0325710	movie	The Last Samurai	2003	7.8	467812
tt0325805	movie	Matchstick Men	2003	7.3	137762
tt0325980	movie	Pirates of the Caribbean: The Curse of the Black Pearl	2003	8.1	1201523
tt0327056	movie	Mystic River	2003	7.9	483248
tt0327597	movie	Coraline	2009	7.7	261323
tt0328107	movie	Man on Fire	2004	7.7	387311
tt0330373	movie	Harry Potter and the Goblet of Fire	2005	7.7	676892
tt0332280	movie	The Notebook	2004	7.8	615193
tt0332379	movie	School of Rock	2003	7.2	328398
tt0332452	movie	Troy	2004	7.3	566787
tt0333766	movie	Garden State	2004	7.4	222770
tt0335266	movie	Lost in Translation	2003	7.7	485178
tt0335345	movie	The Passion of the Christ	2004	7.2	247906
tt0337978	movie	Live Free or Die Hard	2007	7.1	419627
tt0338013	movie	Eternal Sunshine of the Spotless Mind	2004	8.3	1070045
tt0338564	movie	Infernal Affairs	2002	8.0	130700
tt0338751	movie	The Aviator	2004	7.5	382399
tt0340855	movie	Monster	2003	7.3	160790
tt0343818	movie	I, Robot	2004	7.1	571995
tt0345950	movie	The SpongeBob SquarePants Movie	2004	7.1	101020
tt0347149	movie	Howl's Moving Castle	2004	8.2	443440
tt0348914	tvSeries	Deadwood	2004	8.6	116810
tt0350258	movie	Ray	2004	7.7	156684
tt0352248	movie	Cinderella Man	2005	8.0	197494
tt0353969	movie	Memories of Murder	2003	8.1	213315
tt0357413	movie	Anchorman: The Legend of Ron Burgundy	2004	7.1	376780
tt0358273	movie	Walk the Line	2005	7.8	264529
tt0359950	movie	The Secret Life of Walter Mitty	2013	7.3	339017
tt0360717	movie	King Kong	2005	7.2	444314
tt0361596	movie	Fahrenheit 9/11	2004	7.5	132157
tt0361748	movie	Inglourious Basterds	2009	8.4	1569839
tt0361862	movie	The Machinist	2004	7.6	413487
tt0362227	movie	The Terminal	2004	7.4	492527
tt0362270	movie	The Life Aquatic with Steve Zissou	2004	7.2	210082
tt0363163	movie	Downfall	2004	8.2	373224
tt0363547	movie	Dawn of the Dead	2004	7.3	270815
tt0364569	movie	Oldboy	2003	8.3	630147
tt0364845	tvSeries	NCIS	2003	7.8	161348
tt0365748	movie	Shaun of the Dead	2004	7.9	590510
tt0366627	movie	The Jacket	2005	7.1	118912
tt0367279	tvSeries	Arrested Development	2003	8.7	322618
tt0369179	tvSeries	Two and a Half Men	2003	7.1	279008
tt0369339	movie	Collateral	2004	7.5	430761
tt0371746	movie	Iron Man	2008	7.9	1117822
tt0372183	movie	The Bourne Supremacy	2004	7.7	484904
tt0372588	movie	Team America: World Police	2004	7.2	177929
tt0372784	movie	Batman Begins	2005	8.2	1567147
tt0373074	movie	Kung Fu Hustle	2004	7.7	149881
tt0373469	movie	Kiss Kiss Bang Bang	2005	7.5	236519
tt0373889	movie	Harry Potter and the Order of the Phoenix	2007	7.5	628639
tt0375063	movie	Sideways	2004	7.5	203025
tt0375679	movie	Crash	2004	7.7	447926
tt0375912	movie	Layer Cake	2004	7.3	194423
tt0376541	movie	Closer	2004	7.2	235003
tt0377092	movie	Mean Girls	2004	7.1	430269
tt0378194	movie	Kill Bill: Vol. 2	2004	8.0	799409
tt0379725	movie	Capote	2005	7.3	140125
tt0379786	movie	Serenity	2005	7.8	304873
tt0381061	movie	Casino Royale	2006	8.0	691200
tt0381681	movie	Before Sunset	2004	8.1	285922
tt0381849	movie	3:10 to Yuma	2007	7.6	329693
tt0382932	movie	Ratatouille	2007	8.1	815599
tt0383574	movie	Pirates of the Caribbean: Dead Man's Chest	2006	7.4	762504
tt0384766	tvSeries	Rome	2005	8.7	184036
tt0385002	movie	Green Street Hooligans	2005	7.4	160961
tt0385004	movie	House of Flying Daggers	2004	7.5	115954
tt0386676	tvSeries	The Office	2005	9.0	701093
tt0387131	movie	The Constant Gardener	2005	7.4	147973
tt0387199	tvSeries	Entourage	2004	8.4	176286
tt0387564	movie	Saw	2004	7.6	463563
tt0388629	tvSeries	One Piece	1999	9.0	226229
tt0388795	movie	Brokeback Mountain	2005	7.7	379769
tt0390521	movie	Super Size Me	2004	7.2	112923
tt0393109	movie	Brick	2005	7.1	109816
tt0393162	movie	Coach Carter	2005	7.3	170200
tt0395169	movie	Hotel Rwanda	2004	8.1	370513
tt0396171	movie	Perfume: The Story of a Murderer	2006	7.5	264546
tt0397306	tvSeries	American Dad!	2005	7.4	135491
tt0397442	tvSeries	Gossip Girl	2007	7.5	191669
tt0397535	movie	Memoirs of a Geisha	2005	7.3	159567
tt0398286	movie	Tangled	2010	7.7	490217
tt0398808	movie	Bridge to Terabithia	2007	7.2	171992
tt0399146	movie	A History of Violence	2005	7.4	251536
tt0399295	movie	Lord of War	2005	7.6	335158
tt0401383	movie	The Diving Bell and the Butterfly	2007	8.0	110218
tt0401792	movie	Sin City	2005	8.0	791581
tt0404203	movie	Little Children	2006	7.5	116260
tt0404390	movie	Running Scared	2006	7.3	103359
tt0405094	movie	The Lives of Others	2006	8.4	408113
tt0405159	movie	Million Dollar Baby	2004	8.1	718059
tt0405422	movie	The 40-Year-Old Virgin	2005	7.1	464011
tt0405508	movie	Rang De Basanti	2006	8.1	122124
tt0407362	tvSeries	Battlestar Galactica	2004	8.7	174720
tt0407887	movie	The Departed	2006	8.5	1412410
tt0408236	movie	Sweeney Todd: The Demon Barber of Fleet Street	2007	7.3	385355
tt0408306	movie	Munich	2005	7.5	237442
tt0409459	movie	Watchmen	2009	7.6	579432
tt0409591	tvSeries	Naruto	2002	8.4	124991
tt0410975	tvSeries	Desperate Housewives	2004	7.6	138769
tt0411008	tvSeries	Lost	2004	8.3	590762
tt0412019	movie	Broken Flowers	2005	7.1	106484
tt0412142	tvSeries	House	2004	8.7	506286
tt0413573	tvSeries	Grey's Anatomy	2005	7.6	338593
tt0414387	movie	Pride & Prejudice	2005	7.8	327615
tt0414993	movie	The Fountain	2006	7.2	248064
tt0416320	movie	Match Point	2005	7.6	227266
tt0416449	movie	300	2006	7.6	860035
tt0417299	tvSeries	Avatar: The Last Airbender	2005	9.3	362276
tt0417741	movie	Harry Potter and the Half-Blood Prince	2009	7.6	591312
tt0418689	movie	Flags of Our Fathers	2006	7.1	128772
tt0420223	movie	Stranger Than Fiction	2006	7.5	235915
tt0421715	movie	The Curious Case of Benjamin Button	2008	7.8	691960
tt0424345	movie	Clerks II	2006	7.3	140326
tt0425112	movie	Hot Fuzz	2007	7.8	532757
tt0425210	movie	Lucky Number Slevin	2006	7.7	324669
tt0426931	movie	August Rush	2007	7.4	110829
tt0427944	movie	Thank You for Smoking	2005	7.5	228278
tt0432283	movie	Fantastic Mr. Fox	2009	7.9	267556
tt0433035	movie	Real Steel	2011	7.1	353453
tt0433383	movie	Good Night, and Good Luck.	2005	7.4	101038
tt0434409	movie	V for Vendetta	2005	8.2	1173830
tt0435625	movie	The Descent	2005	7.2	245009
tt0435761	movie	Toy Story 3	2010	8.3	887262
tt0436697	movie	The Queen	2006	7.3	115674
tt0436992	tvSeries	Doctor Who	2005	8.6	245058
tt0437086	movie	Alita: Battle Angel	2019	7.3	291620
tt0439100	tvSeries	Weeds	2005	7.9	116890
tt0440963	movie	The Bourne Ultimatum	2007	8.0	656170
tt0441773	movie	Kung Fu Panda	2008	7.6	513667
tt0441909	movie	Volver	2006	7.6	107074
tt0443272	movie	Lincoln	2012	7.3	271569
tt0443453	movie	Borat	2006	7.4	439191
tt0443543	movie	The Illusionist	2006	7.5	388502
tt0443680	movie	The Assassination of Jesse James by the Coward Robert Ford	2007	7.5	192026
tt0443706	movie	Zodiac	2007	7.7	592966
tt0445922	movie	Across the Universe	2007	7.3	113973
tt0446029	movie	Scott Pilgrim vs. the World	2010	7.6	462904
tt0448134	movie	Sunshine	2007	7.2	265705
tt0449059	movie	Little Miss Sunshine	2006	7.8	514962
tt0449088	movie	Pirates of the Caribbean: At World's End	2007	7.1	689026
tt0449467	movie	Babel	2006	7.5	316253
tt0450259	movie	Blood Diamond	2006	8.0	582617
tt0451279	movie	Wonder Woman	2017	7.3	696210
tt0452046	tvSeries	Criminal Minds	2005	8.1	216678
tt0452623	movie	Gone Baby Gone	2007	7.6	291053
tt0452694	movie	The Time Traveler's Wife	2009	7.1	157372
tt0453467	movie	Deja Vu	2006	7.1	326222
tt0453562	movie	42	2013	7.5	102068
tt0454848	movie	Inside Man	2006	7.6	395380
tt0454876	movie	Life of Pi	2012	7.9	663286
tt0454921	movie	The Pursuit of Happyness	2006	8.0	556439
tt0455275	tvSeries	Prison Break	2005	8.3	575210
tt0455590	movie	The Last King of Scotland	2006	7.6	195288
tt0455944	movie	The Equalizer	2014	7.2	416097
tt0457430	movie	Pan's Labyrinth	2006	8.2	699786
tt0458290	tvSeries	Star Wars: The Clone Wars	2008	8.4	118641
tt0460091	tvSeries	My Name Is Earl	2005	7.8	109067
tt0460627	tvSeries	Bones	2005	7.8	174818
tt0460649	tvSeries	How I Met Your Mother	2005	8.3	724410
tt0460681	tvSeries	Supernatural	2005	8.4	479472
tt0460791	movie	The Fall	2006	7.8	116343
tt0461770	movie	Enchanted	2007	7.1	216307
tt0462322	movie	Grindhouse	2007	7.5	190624
tt0462504	movie	Rescue Dawn	2006	7.3	110471
tt0462538	movie	The Simpsons Movie	2007	7.3	348269
tt0464141	movie	The Orphanage	2007	7.4	163031
tt0465538	movie	Michael Clayton	2007	7.2	173479
tt0467406	movie	Juno	2007	7.4	546906
tt0468492	movie	The Host	2006	7.1	131908
tt0468569	movie	The Dark Knight	2008	9.0	2847831
tt0469494	movie	There Will Be Blood	2007	8.2	636795
tt0470752	movie	Ex Machina	2014	7.7	582438
tt0472043	movie	Apocalypto	2006	7.8	329318
tt0472954	tvSeries	It's Always Sunny in Philadelphia	2005	8.8	249742
tt0473705	movie	State of Play	2009	7.1	159751
tt0475276	movie	United 93	2006	7.6	110637
tt0475784	tvSeries	Westworld	2016	8.5	529888
tt0477348	movie	No Country for Old Men	2007	8.2	1050456
tt0478970	movie	Ant-Man	2015	7.2	717698
tt0479143	movie	Rocky Balboa	2006	7.1	230572
tt0480025	movie	This Is England	2006	7.7	128251
tt0480249	movie	I Am Legend	2007	7.2	808369
tt0481499	movie	The Croods	2013	7.2	230571
tt0482571	movie	The Prestige	2006	8.5	1429878
tt0485947	movie	Mr. Nobody	2009	7.7	244975
tt0486655	movie	Stardust	2007	7.6	284013
tt0487831	tvSeries	The IT Crowd	2006	8.5	163336
tt0488120	movie	Fracture	2007	7.2	217914
tt0490215	movie	Silence	2016	7.2	122080
tt0491738	tvSeries	Psych	2006	8.4	105071
tt0496424	tvSeries	30 Rock	2006	8.3	131387
tt0497465	movie	Vicky Cristina Barcelona	2008	7.1	267929
tt0498380	movie	Letters from Iwo Jima	2006	7.8	169464
tt0499549	movie	Avatar	2009	7.9	1378793
tt0756683	movie	The Man from Earth	2007	7.8	198917
tt0758758	movie	Into the Wild	2007	8.1	654851
tt0765010	movie	Brothers	2009	7.1	144897
tt0765429	movie	American Gangster	2007	7.8	450247
tt0765443	movie	Eastern Promises	2007	7.6	259587
tt0770828	movie	Man of Steel	2013	7.1	808434
tt0773262	tvSeries	Dexter	2006	8.7	759943
tt0780504	movie	Drive	2011	7.8	699566
tt0780521	movie	The Princess and the Frog	2009	7.1	165050
tt0780536	movie	In Bruges	2008	7.9	459206
tt0780571	movie	Mr. Brooks	2007	7.3	155874
tt0783233	movie	Atonement	2007	7.8	298097
tt0790636	movie	Dallas Buyers Club	2013	7.9	516301
tt0795368	movie	Death at a Funeral	2007	7.3	120516
tt0796366	movie	Star Trek	2009	7.9	618712
tt0800039	movie	Forgetting Sarah Marshall	2008	7.1	301041
tt0804497	movie	It's Kind of a Funny Story	2010	7.1	147513
tt0804503	tvSeries	Mad Men	2007	8.7	258811
tt0805564	movie	Lars and the Real Girl	2007	7.3	154453
tt0810819	movie	The Danish Girl	2015	7.1	198492
tt0813715	tvSeries	Heroes	2006	7.5	250725
tt0814314	movie	Seven Pounds	2008	7.6	314229
tt0816442	movie	The Book Thief	2013	7.5	141856
tt0816692	movie	Interstellar	2014	8.7	2069799
tt0822854	movie	Shooter	2007	7.1	353258
tt0824747	movie	Changeling	2008	7.8	264554
tt0825232	movie	The Bucket List	2007	7.4	258697
tt0829482	movie	Superbad	2007	7.6	627725
tt0832266	movie	Definitely, Maybe	2008	7.1	172756
tt0838221	movie	The Darjeeling Limited	2007	7.2	215908
tt0840361	movie	The Town	2010	7.5	413372
tt0844441	tvSeries	True Blood	2008	7.9	259051
tt0848228	movie	The Avengers	2012	8.0	1452824
tt0861739	movie	Elite Squad	2007	8.0	109549
tt0870111	movie	Frost/Nixon	2008	7.7	112139
tt0876563	movie	Ponyo	2008	7.6	161460
tt0877057	tvSeries	Death Note	2006	8.9	373192
tt0878804	movie	The Blind Side	2009	7.6	358427
tt0884328	movie	The Mist	2007	7.1	337610
tt0887912	movie	The Hurt Locker	2008	7.5	471788
tt0892769	movie	How to Train Your Dragon	2010	8.1	794321
tt0898266	tvSeries	The Big Bang Theory	2007	8.1	861685
tt0898367	movie	The Road	2009	7.2	252884
tt0903624	movie	The Hobbit: An Unexpected Journey	2012	7.8	868158
tt0903747	tvSeries	Breaking Bad	2008	9.5	2112243
tt0904208	tvSeries	Californication	2007	8.3	187867
tt0907657	movie	Once	2007	7.8	120944
tt0910970	movie	WALL·E	2008	8.4	1191688
tt0914798	movie	The Boy in the Striped Pajamas	2008	7.7	243919
tt0918927	movie	Doubt	2008	7.5	135677
tt0926084	movie	Harry Potter and the Deathly Hallows: Part 1	2010	7.7	594793
tt0929632	movie	Precious	2009	7.3	115808
tt0934814	tvSeries	Chuck	2007	8.2	146187
tt0936501	movie	Taken	2008	7.7	631197
tt0942385	movie	Tropic Thunder	2008	7.1	445168
tt0944947	tvSeries	Game of Thrones	2011	9.2	2263886
tt0945513	movie	Source Code	2011	7.5	546988
tt0947798	movie	Black Swan	2010	8.0	819382
tt0959337	movie	Revolutionary Road	2008	7.3	223881
tt0964517	movie	The Fighter	2010	7.8	387200
tt0970179	movie	Hugo	2011	7.5	335783
tt0976051	movie	The Reader	2008	7.6	258102
tt0978762	movie	Mary and Max	2009	8.1	185947
tt0979432	tvSeries	Boardwalk Empire	2010	8.6	202033
tt0983193	movie	The Adventures of Tintin	2011	7.3	242246
tt0985699	movie	Valkyrie	2008	7.1	258136
tt0986264	movie	Like Stars on Earth	2007	8.3	205482
tt0988045	movie	Sherlock Holmes	2009	7.6	667214
tt0988824	tvSeries	Naruto: Shippuden	2007	8.7	164155
tt0993846	movie	The Wolf of Wall Street	2013	8.2	1566108
tt1001526	movie	Megamind	2010	7.3	292565
tt1010048	movie	Slumdog Millionaire	2008	8.0	874474
tt1013753	movie	Milk	2008	7.5	179375
tt1016150	movie	All Quiet on the Western Front	2022	7.8	240866
tt10168312	tvSeries	What If...?	2021	7.4	141554
tt10189514	movie	Soorarai Pottru	2020	8.7	123547
tt1022603	movie	500 Days of Summer	2009	7.7	553435
tt1023114	movie	The Way Back	2010	7.3	121597
tt1024648	movie	Argo	2012	7.7	636829
tt10272386	movie	The Father	2020	8.2	189517
tt1028532	movie	Hachi: A Dog's Tale	2009	8.1	308850
tt10288566	movie	Another Round	2020	7.7	192127
tt10295212	movie	Shershaah	2021	8.3	129184
tt1032755	movie	RocknRolla	2008	7.2	263797
tt1033575	movie	The Descendants	2011	7.3	250785
tt1034303	movie	Defiance	2008	7.1	155212
tt10366206	movie	John Wick: Chapter 4	2023	7.7	326556
tt10366460	movie	CODA	2021	8.0	162084
tt1038988	movie	REC	2007	7.4	195266
tt1043813	tvSeries	Titans	2018	7.5	112189
tt1045658	movie	Silver Linings Playbook	2012	7.7	739562
tt1049413	movie	Up	2009	8.3	1116220
tt1051906	movie	The Invisible Man	2020	7.1	252724
tt1057500	movie	Invictus	2009	7.3	167389
tt1063669	movie	The Wave	2008	7.6	114494
tt10638522	movie	Talk to Me	2022	7.1	134137
tt10640346	movie	Babylon	2022	7.1	163806
tt1065073	movie	Boyhood	2014	7.9	366083
tt10698680	movie	K.G.F: Chapter 2	2022	8.3	149410
tt1070874	movie	The Trial of the Chicago 7	2020	7.7	192052
tt1074638	movie	Skyfall	2012	7.8	727944
tt10811166	movie	The Kashmir Files	2022	8.6	573114
tt10872600	movie	Spider-Man: No Way Home	2021	8.2	867483
tt1091191	movie	Lone Survivor	2013	7.5	305200
tt10919420	tvSeries	Squid Game	2021	8.0	532322
tt10986410	tvSeries	Ted Lasso	2020	8.8	340165
tt11083552	movie	Wrath of Man	2021	7.1	204515
tt1109624	movie	Paddington	2014	7.3	132383
tt11126994	tvSeries	Arcane	2021	9.0	263586
tt1119644	tvSeries	Fringe	2008	8.4	256331
tt1119646	movie	The Hangover	2009	7.7	839666
tt11198330	tvSeries	House of the Dragon	2022	8.4	365373
tt1120985	movie	Blue Valentine	2010	7.3	210293
tt11233960	movie	The Unforgivable	2021	7.1	118339
tt1124035	movie	The Ides of March	2011	7.1	229989
tt1124373	tvSeries	Sons of Anarchy	2008	8.6	320884
tt1125849	movie	The Wrestler	2008	7.9	318822
tt11271038	movie	Licorice Pizza	2021	7.1	139102
tt11280740	tvSeries	Severance	2022	8.7	193740
tt11286314	movie	Don't Look Up	2021	7.2	594468
tt1130884	movie	Shutter Island	2010	8.2	1441611
tt1131729	movie	The Boat That Rocked	2009	7.3	115752
tt1132620	movie	The Girl with the Dragon Tattoo	2009	7.8	222721
tt1136608	movie	District 9	2009	7.9	713720
tt1139328	movie	The Ghost Writer	2010	7.2	170342
tt1139797	movie	Let the Right One In	2008	7.8	225997
tt1156398	movie	Zombieland	2009	7.5	617274
tt11564570	movie	Glass Onion	2022	7.1	434756
tt1160419	movie	Dune	2021	8.0	787845
tt11691774	tvSeries	Only Murders in the Building	2021	8.1	153696
tt1170358	movie	The Hobbit: The Desolation of Smaug	2013	7.8	700779
tt11737520	tvSeries	One Piece	2023	8.3	143946
tt11743610	tvSeries	The Terminal List	2022	7.9	106144
tt1174732	movie	An Education	2009	7.3	137941
tt1179933	movie	10 Cloverfield Lane	2016	7.2	352336
tt11813216	movie	The Banshees of Inisherin	2022	7.7	248457
tt1182345	movie	Moon	2009	7.8	375098
tt11866324	movie	Prey	2022	7.1	224367
tt1187043	movie	3 Idiots	2009	8.4	431067
tt1188996	movie	My Name Is Khan	2010	7.9	115927
tt1189073	movie	The Skin I Live In	2011	7.6	164756
tt1189340	movie	The Lincoln Lawyer	2011	7.3	252643
tt1190634	tvSeries	The Boys	2019	8.7	636863
tt1192628	movie	Rango	2011	7.3	290941
tt1193138	movie	Up in the Air	2009	7.4	348446
tt1196946	tvSeries	The Mentalist	2008	8.2	199047
tt1197624	movie	Law Abiding Citizen	2009	7.4	317196
tt1201607	movie	Harry Potter and the Deathly Hallows: Part 2	2011	8.1	941329
tt1205489	movie	Gran Torino	2008	8.1	811142
tt1210166	movie	Moneyball	2011	7.6	461128
tt1211837	movie	Doctor Strange	2016	7.5	798893
tt1212450	movie	Lawless	2012	7.2	252556
tt1213641	movie	First Man	2018	7.3	201069
tt1217209	movie	Brave	2012	7.1	439292
tt1219024	tvSeries	Castle	2009	8.1	173394
tt1219289	movie	Limitless	2011	7.4	609189
tt1220719	movie	Ip Man	2008	8.0	232768
tt1228987	movie	Let Me In	2010	7.1	126890
tt1229238	movie	Mission: Impossible - Ghost Protocol	2011	7.4	526063
tt1232829	movie	21 Jump Street	2012	7.2	594845
tt12343534	tvSeries	Jujutsu Kaisen	2020	8.6	107782
tt1235099	tvSeries	Lie to Me	2009	8.0	127133
tt1235166	movie	A Prophet	2009	7.8	101878
tt12361974	movie	Zack Snyder's Justice League	2021	7.9	435216
tt1242460	movie	We Need to Talk About Kevin	2011	7.5	166779
tt1250777	movie	Kick-Ass	2010	7.6	590410
tt1255953	movie	Incendies	2010	8.3	196607
tt12593682	movie	Bullet Train	2022	7.3	415373
tt1266020	tvSeries	Parks and Recreation	2009	8.6	285621
tt1270798	movie	X-Men: First Class	2011	7.7	720345
tt1276104	movie	Looper	2012	7.4	600529
tt12801262	movie	Luca	2021	7.4	190899
tt1285016	movie	The Social Network	2010	7.8	753561
tt1291584	movie	Warrior	2011	8.1	495543
tt1300854	movie	Iron Man 3	2013	7.1	894578
tt1302006	movie	The Irishman	2019	7.8	427572
tt1302011	movie	Kung Fu Panda 2	2011	7.2	314443
tt1305806	movie	The Secret in Their Eyes	2009	8.2	221179
tt1305826	tvSeries	Adventure Time	2010	8.6	110764
tt1306980	movie	50/50	2011	7.6	342168
tt1312171	tvSeries	The Umbrella Academy	2019	7.9	272699
tt13146488	tvSeries	Peacemaker	2022	8.3	132911
tt1315981	movie	A Single Man	2009	7.5	117389
tt1318514	movie	Rise of the Planet of the Apes	2011	7.6	554947
tt13207736	tvSeries	Monster	2022	7.9	152830
tt1323594	movie	Despicable Me	2010	7.6	580592
tt1327773	movie	The Butler	2013	7.2	119480
tt1334260	movie	Never Let Me Go	2010	7.1	152551
tt13406094	tvSeries	The White Lotus	2021	8.0	201667
tt1343092	movie	The Great Gatsby	2013	7.2	592739
tt1343727	movie	Dredd	2012	7.1	292781
tt13443470	tvSeries	Wednesday	2022	8.1	354450
tt1345836	movie	The Dark Knight Rises	2012	8.4	1813889
tt1355642	tvSeries	Fullmetal Alchemist: Brotherhood	2009	9.1	194866
tt1358522	tvSeries	White Collar	2009	8.2	140065
tt13622776	tvSeries	Ahsoka	2023	7.6	107053
tt1371111	movie	Cloud Atlas	2012	7.4	373299
tt1375666	movie	Inception	2010	8.8	2529086
tt1379182	movie	Dogtooth	2009	7.2	108656
tt13833688	movie	The Whale	2022	7.7	205809
tt1386932	movie	Ip Man 2	2010	7.5	110561
tt13918776	tvSeries	The Night Agent	2023	7.5	107086
tt1392170	movie	The Hunger Games	2012	7.2	997418
tt1392190	movie	Mad Max: Fury Road	2015	8.1	1076482
tt1392214	movie	Prisoners	2013	8.1	800101
tt1396484	movie	It	2017	7.3	600806
tt1398426	movie	Straight Outta Compton	2015	7.8	217049
tt1399664	tvSeries	The Night Manager	2016	8.0	101928
tt1399683	movie	Winter's Bone	2010	7.1	149930
tt1403865	movie	True Grit	2010	7.6	356015
tt1403981	movie	Remember Me	2010	7.1	155238
tt1405406	tvSeries	The Vampire Diaries	2009	7.7	347303
tt1408101	movie	Star Trek Into Darkness	2013	7.7	495956
tt14208870	movie	The Fabelmans	2022	7.5	114680
tt14230458	movie	Poor Things	2023	8.2	132332
tt1431045	movie	Deadpool	2016	8.0	1115801
tt14392248	tvSeries	Aspirants	2021	9.2	310157
tt1439629	tvSeries	Community	2009	8.5	290852
tt14403178	tvSeries	Beef	2023	8.0	130504
tt1442437	tvSeries	Modern Family	2009	8.5	477814
tt1442449	tvSeries	Spartacus	2010	8.5	255493
tt14452776	tvSeries	The Bear	2022	8.6	201815
tt1446192	movie	Rise of the Guardians	2012	7.2	191441
tt1453405	movie	Monsters University	2013	7.2	387081
tt1454029	movie	The Help	2011	8.1	489600
tt1454468	movie	Gravity	2013	7.7	859660
tt1457767	movie	The Conjuring	2013	7.5	550896
tt1458175	movie	The Next Three Days	2010	7.3	205746
tt14650074	tvSeries	Dhindora	2021	8.8	121769
tt1465522	movie	Tucker and Dale vs Evil	2010	7.5	192492
tt14688458	tvSeries	Silo	2023	8.1	113786
tt1474684	tvSeries	Luther	2010	8.4	153420
tt1475582	tvSeries	Sherlock	2010	9.1	990035
tt14849194	movie	The Holdovers	2023	8.0	110566
tt1485796	movie	The Greatest Showman	2017	7.5	308483
tt1486217	tvSeries	Archer	2009	8.6	165004
tt1488589	movie	Guillermo del Toro's Pinocchio	2022	7.6	111488
tt1489428	tvSeries	Justified	2010	8.6	117581
tt1489887	movie	Booksmart	2019	7.1	130091
tt1490017	movie	The Lego Movie	2014	7.7	385950
tt1504320	movie	The King's Speech	2010	8.0	705500
tt15097216	movie	Jai Bhim	2021	8.7	216120
tt1515091	movie	Sherlock Holmes: A Game of Shadows	2011	7.4	478127
tt1517451	movie	A Star Is Born	2018	7.6	416210
tt1520211	tvSeries	The Walking Dead	2010	8.1	1073008
tt15239678	movie	Dune: Part Two	2024	9.0	123387
tt1527186	movie	Melancholia	2011	7.1	194682
tt15327088	movie	Kantara	2022	8.2	102293
tt1535109	movie	Captain Phillips	2013	7.8	489637
tt15398776	movie	Oppenheimer	2023	8.4	661489
tt1542344	movie	127 Hours	2010	7.5	399032
tt1548850	tvSeries	Misfits	2009	8.2	106830
tt1560747	movie	The Master	2012	7.1	185314
tt1567432	tvSeries	Teen Wolf	2011	7.7	162133
tt1568346	movie	The Girl with the Dragon Tattoo	2011	7.8	492123
tt1568911	movie	War Horse	2011	7.2	164999
tt1568921	movie	The Secret World of Arrietty	2010	7.6	103210
tt1570728	movie	Crazy, Stupid, Love.	2011	7.4	560087
tt1578873	tvSeries	Pretty Little Liars	2010	7.4	177435
tt1586680	tvSeries	Shameless	2011	8.5	280319
tt1588170	movie	I Saw the Devil	2010	7.8	144975
tt1596343	movie	Fast Five	2011	7.3	405217
tt1596363	movie	The Big Short	2015	7.8	479732
tt1602620	movie	Amour	2012	7.9	105238
tt1605783	movie	Midnight in Paris	2011	7.6	448013
tt1606375	tvSeries	Downton Abbey	2010	8.7	223138
tt1614989	movie	Headhunters	2011	7.5	106610
tt1615147	movie	Margin Call	2011	7.1	143259
tt16277242	movie	Society of the Snow	2023	7.8	112718
tt1628033	tvSeries	Top Gear	2002	8.7	125990
tt1630029	movie	Avatar: The Way of Water	2022	7.6	486581
tt1631867	movie	Edge of Tomorrow	2014	7.9	730894
tt1632701	tvSeries	Suits	2011	8.4	472890
tt1637727	tvSeries	The Killing	2011	8.3	122390
tt1638002	movie	Love, Rosie	2014	7.1	154435
tt1638355	movie	The Man from U.N.C.L.E.	2015	7.2	330226
tt16419074	movie	Air	2023	7.4	163913
tt1646971	movie	How to Train Your Dragon 2	2014	7.8	361408
tt1649419	movie	The Impossible	2012	7.5	242260
tt1655441	movie	The Age of Adaline	2015	7.2	201105
tt1655442	movie	The Artist	2011	7.9	248007
tt1659337	movie	The Perks of Being a Wallflower	2012	7.9	544746
tt1663202	movie	The Revenant	2015	8.0	867613
tt1670345	movie	Now You See Me	2013	7.2	703406
tt1675192	movie	Take Shelter	2011	7.3	107187
tt1675434	movie	The Intouchables	2011	8.5	921444
tt1677720	movie	Ready Player One	2018	7.4	480501
tt1690953	movie	Despicable Me 2	2013	7.3	423496
tt1692486	movie	Carnage	2011	7.1	132570
tt1695360	tvSeries	The Legend of Korra	2012	8.3	135051
tt1706620	movie	Snowpiercer	2013	7.1	386812
tt1707386	movie	Les Misérables	2012	7.5	344634
tt1714915	movie	Only Lovers Left Alive	2013	7.2	107630
tt1723811	movie	Shame	2011	7.2	205441
tt1727388	movie	The Way Way Back	2013	7.4	156405
tt1727824	movie	Bohemian Rhapsody	2018	7.9	587280
tt1740299	tvSeries	The Man in the High Castle	2015	7.9	110068
tt1745960	movie	Top Gun: Maverick	2022	8.2	680430
tt1748122	movie	Moonrise Kingdom	2012	7.8	365693
tt1751634	tvSeries	The Sandman	2022	7.7	168672
tt1772341	movie	Wreck-It Ralph	2012	7.7	455301
tt1790885	movie	Zero Dark Thirty	2012	7.4	317429
tt1796960	tvSeries	Homeland	2011	8.3	359435
tt1798684	movie	Southpaw	2015	7.3	256147
tt1798709	movie	Her	2013	8.0	664926
tt1800241	movie	American Hustle	2013	7.2	499037
tt1809398	movie	Unbroken	2014	7.2	181538
tt1817273	movie	The Place Beyond the Pines	2012	7.3	288544
tt1821549	movie	Nebraska	2013	7.7	122961
tt1825683	movie	Black Panther	2018	7.3	832062
tt1826940	tvSeries	New Girl	2011	7.8	243867
tt1830617	tvSeries	Grimm	2011	7.9	129865
tt1832382	movie	A Separation	2011	8.3	257220
tt1837492	tvSeries	13 Reasons Why	2017	7.5	313599
tt1837642	tvSeries	Revenge	2011	7.8	124615
tt1839492	movie	Ruby Sparks	2012	7.2	105157
tt1839578	tvSeries	Person of Interest	2011	8.5	187773
tt1843230	tvSeries	Once Upon a Time	2011	7.7	236059
tt1843866	movie	Captain America: The Winter Soldier	2014	7.7	894215
tt1844624	tvSeries	American Horror Story	2011	8.0	341438
tt1853728	movie	Django Unchained	2012	8.5	1679733
tt1855199	movie	End of Watch	2012	7.6	267147
tt1856010	tvSeries	House of Cards	2013	8.6	528524
tt1856101	movie	Blade Runner 2049	2017	8.0	652713
tt1860357	movie	Deepwater Horizon	2016	7.1	180821
tt1865718	tvSeries	Gravity Falls	2012	8.9	132775
tt1869454	tvSeries	Good Omens	2019	8.0	111356
tt1870479	tvSeries	The Newsroom	2012	8.6	123854
tt1872194	movie	The Judge	2014	7.4	200636
tt1877830	movie	The Batman	2022	7.8	774520
tt1877832	movie	X-Men: Days of Future Past	2014	7.9	741706
tt1878870	movie	The Edge of Seventeen	2016	7.3	139335
tt1895587	movie	Spotlight	2015	8.1	499236
tt1899353	movie	The Raid: Redemption	2011	7.6	216051
tt1907668	movie	Flight	2012	7.3	374605
tt1924396	movie	The Best Offer	2013	7.8	127866
tt1931533	movie	Seven Psychopaths	2012	7.1	272821
tt1935179	movie	Mud	2012	7.4	188028
tt1950186	movie	Ford v Ferrari	2019	8.1	459387
tt1951264	movie	The Hunger Games: Catching Fire	2013	7.5	716859
tt1954470	movie	Gangs of Wasseypur	2012	8.2	103245
tt1979320	movie	Rush	2013	8.1	509844
tt1979376	movie	Toy Story 4	2019	7.7	277675
tt1980929	movie	Begin Again	2013	7.4	166105
tt1981677	movie	Pitch Perfect	2012	7.1	328961
tt2005151	movie	War Dogs	2016	7.1	251052
tt2015381	movie	Guardians of the Galaxy	2014	8.0	1265950
tt2017109	tvSeries	Banshee	2013	8.4	122269
tt2024544	movie	12 Years a Slave	2013	8.1	737708
tt2042568	movie	Inside Llewyn Davis	2013	7.4	162590
tt2053463	movie	Side Effects	2013	7.1	196677
tt2066051	movie	Rocketman	2019	7.3	193060
tt2080374	movie	Steve Jobs	2015	7.2	177812
tt2084970	movie	The Imitation Game	2014	8.0	819912
tt2085059	tvSeries	Black Mirror	2011	8.7	633943
tt2096673	movie	Inside Out	2015	8.1	777978
tt2098220	tvSeries	Hunter x Hunter	2011	9.0	131102
tt2103281	movie	Dawn of the Planet of the Apes	2014	7.6	465462
tt2106476	movie	The Hunt	2012	8.3	361096
tt2119532	movie	Hacksaw Ridge	2016	8.1	587665
tt2140373	movie	Saving Mr. Banks	2013	7.5	169548
tt2140479	movie	The Accountant	2016	7.3	316885
tt2149175	tvSeries	The Americans	2013	8.4	110324
tt2170593	movie	St. Vincent	2014	7.2	108170
tt2179136	movie	American Sniper	2014	7.3	525526
tt2188671	tvSeries	Bates Motel	2013	8.1	116306
tt2191671	tvSeries	Elementary	2012	7.9	118353
tt2193021	tvSeries	Arrow	2012	7.5	444870
tt2194499	movie	About Time	2013	7.8	382875
tt2209418	movie	Before Midnight	2013	7.9	171182
tt2234222	tvSeries	Orphan Black	2013	8.3	116503
tt2243973	tvSeries	Hannibal	2013	8.5	274472
tt2245084	movie	Big Hero 6	2014	7.8	497533
tt2249364	tvSeries	Broadchurch	2013	8.4	125959
tt2250912	movie	Spider-Man: Homecoming	2017	7.4	713768
tt2261227	tvSeries	Altered Carbon	2018	7.9	187307
tt2265171	movie	The Raid 2	2014	7.9	130727
tt2267968	movie	Kung Fu Panda 3	2016	7.1	183067
tt2267998	movie	Gone Girl	2014	8.1	1059237
tt2277860	movie	Finding Dory	2016	7.2	300916
tt2278388	movie	The Grand Budapest Hotel	2014	8.1	880133
tt2278871	movie	Blue Is the Warmest Colour	2013	7.7	162207
tt2294189	tvSeries	The Fall	2013	8.1	118447
tt2294629	movie	Frozen	2013	7.4	660292
tt2305051	movie	Wild	2014	7.1	137967
tt2306299	tvSeries	Vikings	2013	8.5	576534
tt2310332	movie	The Hobbit: The Battle of the Five Armies	2014	7.4	567874
tt2334873	movie	Blue Jasmine	2013	7.3	211898
tt2338151	movie	PK	2014	8.1	200258
tt2356777	tvSeries	True Detective	2014	8.9	646964
tt2357547	tvSeries	Jessica Jones	2015	7.9	225772
tt2361509	movie	The Intern	2015	7.1	272255
tt2364582	tvSeries	Agents of S.H.I.E.L.D.	2013	7.5	225225
tt2372162	tvSeries	Orange Is the New Black	2013	8.0	318771
tt2375692	tvSeries	Black Sails	2014	8.2	112129
tt2380307	movie	Coco	2017	8.4	582960
tt2381111	movie	Brooklyn	2015	7.5	149656
tt2381249	movie	Mission: Impossible - Rogue Nation	2015	7.4	408494
tt2382320	movie	No Time to Die	2021	7.3	441338
tt23849204	movie	12th Fail	2023	9.1	101826
tt2386490	movie	How to Train Your Dragon: The Hidden World	2019	7.4	148678
tt2395427	movie	Avengers: Age of Ultron	2015	7.3	916160
tt2397535	movie	Predestination	2014	7.4	302772
tt2402927	movie	Carol	2015	7.3	141523
tt2403776	tvSeries	Shadow and Bone	2021	7.5	113904
tt2431286	movie	Philomena	2013	7.6	103545
tt2431438	tvSeries	Sense8	2015	8.2	162262
tt2442560	tvSeries	Peaky Blinders	2013	8.8	638646
tt2467372	tvSeries	Brooklyn Nine-Nine	2013	8.4	356726
tt2488496	movie	Star Wars: Episode VII - The Force Awakens	2015	7.8	969644
tt2494362	movie	Bone Tomahawk	2015	7.1	116773
tt2531336	tvSeries	Lupin	2021	7.5	136814
tt2543164	movie	Arrival	2016	7.9	759534
tt2543472	movie	Wonder	2017	7.9	177207
tt2560140	tvSeries	Attack on Titan	2013	9.1	500019
tt2562232	movie	Birdman or (The Unexpected Virtue of Ignorance)	2014	7.7	663333
tt2575988	tvSeries	Silicon Valley	2014	8.5	164559
tt2582496	movie	Me and Earl and the Dying Girl	2015	7.7	137688
tt2582782	movie	Hell or High Water	2016	7.6	250708
tt2582802	movie	Whiplash	2014	8.5	975838
tt2582846	movie	The Fault in Our Stars	2014	7.7	399104
tt2584384	movie	Jojo Rabbit	2019	7.9	436730
tt2628232	tvSeries	Penny Dreadful	2014	8.2	130344
tt2631186	movie	Baahubali: The Beginning	2015	8.0	136215
tt2632424	tvSeries	The Originals	2013	8.3	146780
tt2661044	tvSeries	The 100	2014	7.6	273552
tt2671706	movie	Fences	2016	7.2	117304
tt2674426	movie	Me Before You	2016	7.4	284220
tt2692904	movie	Locke	2013	7.1	158805
tt2699128	tvSeries	The Leftovers	2014	8.3	111170
tt2707408	tvSeries	Narcos	2015	8.8	466204
tt2713180	movie	Fury	2014	7.6	542073
tt2719848	movie	Everest	2015	7.1	231069
tt2741602	tvSeries	The Blacklist	2013	7.9	277474
tt2763304	movie	T2 Trainspotting	2017	7.2	132238
tt2771200	movie	Beauty and the Beast	2017	7.1	332550
tt2802144	movie	Kingsman: The Secret Service	2014	7.7	711596
tt2802850	tvSeries	Fargo	2014	8.9	417171
tt2820852	movie	Furious 7	2015	7.1	412923
tt2861424	tvSeries	Rick and Morty	2013	9.1	595292
tt2866360	movie	Coherence	2013	7.2	144466
tt2872718	movie	Nightcrawler	2014	7.8	599750
tt2883512	movie	Chef	2014	7.3	230261
tt2884206	movie	I Origins	2014	7.3	133001
tt2906216	movie	Dungeons & Dragons: Honor Among Thieves	2023	7.3	219991
tt2911666	movie	John Wick	2014	7.4	733865
tt2948356	movie	Zootopia	2016	8.0	541580
tt2948372	movie	Soul	2020	8.0	375026
tt2953050	movie	Encanto	2021	7.2	258455
tt2980516	movie	The Theory of Everything	2014	7.7	479440
tt3006802	tvSeries	Outlander	2014	8.4	177799
tt3011894	movie	Wild Tales	2014	8.1	214658
tt3032476	tvSeries	Better Call Saul	2015	9.0	637865
tt3040964	movie	The Jungle Book	2016	7.4	290854
tt3065204	movie	The Conjuring 2	2016	7.3	298075
tt3076658	movie	Creed	2015	7.6	309072
tt3107288	tvSeries	The Flash	2014	7.5	367037
tt3170832	movie	Room	2015	8.1	447489
tt3183660	movie	Fantastic Beasts and Where to Find Them	2016	7.2	505104
tt3205802	tvSeries	How to Get Away with Murder	2014	8.1	165449
tt3228774	movie	Cruella	2021	7.3	262940
tt3230854	tvSeries	The Expanse	2015	8.5	170490
tt3263904	movie	Sully	2016	7.4	296142
tt3281548	movie	Little Women	2019	7.8	241516
tt3315342	movie	Logan	2017	8.1	824055
tt3316960	movie	Still Alice	2014	7.5	142881
tt3322312	tvSeries	Daredevil	2015	8.6	471630
tt3322314	tvSeries	Luke Cage	2016	7.2	138979
tt3322364	movie	Concussion	2015	7.1	100269
tt3397884	movie	Sicario	2015	7.7	470060
tt3398228	tvSeries	BoJack Horseman	2014	8.8	185858
tt3416742	movie	What We Do in the Shadows	2014	7.6	198985
tt3450958	movie	War for the Planet of the Apes	2017	7.4	279544
tt3460252	movie	The Hateful Eight	2015	7.8	654333
tt3464902	movie	The Lobster	2015	7.1	290751
tt3470600	movie	Sing	2016	7.1	189576
tt3488710	movie	The Walk	2015	7.3	134995
tt3498820	movie	Captain America: Civil War	2016	7.8	844368
tt3501632	movie	Thor: Ragnarok	2017	7.9	810588
tt3521126	movie	The Disaster Artist	2017	7.3	163409
tt3521164	movie	Moana	2016	7.6	373974
tt3526078	tvSeries	Schitt's Creek	2015	8.5	143814
tt3532216	movie	American Made	2017	7.1	206266
tt3544112	movie	Sing Street	2016	7.9	100447
tt3553976	movie	Captain Fantastic	2016	7.8	233570
tt3581920	tvSeries	The Last of Us	2023	8.7	504829
tt3606756	movie	Incredibles 2	2018	7.5	328254
tt3640424	movie	Allied	2016	7.1	168475
tt3647998	tvSeries	Taboo	2017	8.3	148133
tt3659388	movie	The Martian	2015	8.0	915986
tt3682448	movie	Bridge of Spies	2015	7.6	326428
tt3704428	movie	Elvis	2022	7.3	230318
tt3741834	movie	Lion	2016	8.0	249642
tt3748528	movie	Rogue One: A Star Wars Story	2016	7.8	682107
tt3749900	tvSeries	Gotham	2014	7.8	239893
tt3774114	movie	Snowden	2016	7.3	162077
tt3783958	movie	La La Land	2016	8.0	660922
tt3799694	movie	The Nice Guys	2016	7.4	368852
tt3890160	movie	Baby Driver	2017	7.5	602755
tt3896198	movie	Guardians of the Galaxy Vol. 2	2017	7.6	754087
tt3915174	movie	Puss in Boots: The Last Wish	2022	7.8	170929
tt3920596	tvSeries	Big Little Lies	2017	8.4	222549
tt3967856	movie	Okja	2017	7.3	131427
tt4016934	movie	The Handmaiden	2016	8.1	170430
tt4034228	movie	Manchester by the Sea	2016	7.8	310292
tt4052886	tvSeries	Lucifer	2016	8.1	352947
tt4116284	movie	The Lego Batman Movie	2017	7.3	171019
tt4154756	movie	Avengers: Infinity War	2018	8.4	1190652
tt4154796	movie	Avengers: Endgame	2019	8.4	1253001
tt4158110	tvSeries	Mr. Robot	2015	8.5	415468
tt4160708	movie	Don't Breathe	2016	7.1	298206
tt4172430	movie	13 Hours	2016	7.3	159179
tt4179452	tvSeries	The Last Kingdom	2015	8.5	163973
tt4209788	movie	Molly's Game	2017	7.4	186086
tt4236770	tvSeries	Yellowstone	2018	8.7	213546
tt4244994	movie	The Last Duel	2021	7.4	179857
tt4270492	tvSeries	Billions	2016	8.3	108634
tt4276820	movie	The Founder	2016	7.2	174681
tt4302938	movie	Kubo and the Two Strings	2016	7.7	137829
tt4364194	movie	The Peanut Butter Falcon	2019	7.6	101721
tt4425200	movie	John Wick: Chapter 2	2017	7.4	507586
tt4481414	movie	Gifted	2017	7.6	129229
tt4508902	tvSeries	One Punch Man	2015	8.7	183785
tt4513678	movie	Ghostbusters: Afterlife	2021	7.1	210616
tt4550098	movie	Nocturnal Animals	2016	7.5	302450
tt4555426	movie	Darkest Hour	2017	7.4	219019
tt4572514	movie	Patriots Day	2016	7.3	111809
tt4574334	tvSeries	Stranger Things	2016	8.7	1321430
tt4633694	movie	Spider-Man: Into the Spider-Verse	2018	8.4	661968
tt4635282	tvSeries	The OA	2016	7.8	114937
tt4686844	movie	The Death of Stalin	2017	7.3	112501
tt4698684	movie	Hunt for the Wilderpeople	2016	7.8	140856
tt4729430	movie	Klaus	2019	8.2	187485
tt4786824	tvSeries	The Crown	2016	8.6	254287
tt4846232	movie	Good Time	2017	7.3	139029
tt4846340	movie	Hidden Figures	2016	7.8	253142
tt4849438	movie	Baahubali 2: The Conclusion	2017	8.2	113583
tt4857264	movie	The Invisible Guest	2016	8.0	191210
tt4873118	movie	The Covenant	2023	7.5	156440
tt4912910	movie	Mission: Impossible - Fallout	2018	7.7	375563
tt4925292	movie	Lady Bird	2017	7.4	324555
tt4955642	tvSeries	The Good Place	2016	8.2	186773
tt4972582	movie	Split	2016	7.3	545626
tt4975722	movie	Moonlight	2016	7.4	329483
tt5013056	movie	Dunkirk	2017	7.8	732750
tt5027774	movie	Three Billboards Outside Ebbing, Missouri	2017	8.1	550810
tt5052448	movie	Get Out	2017	7.8	688218
tt5052474	movie	Sicario: Day of the Soldado	2018	7.1	165118
tt5057054	tvSeries	Tom Clancy's Jack Ryan	2018	8.0	174066
tt5071412	tvSeries	Ozark	2017	8.5	343265
tt5074352	movie	Dangal	2016	8.3	208630
tt5083738	movie	The Favourite	2018	7.5	227682
tt5104604	movie	Isle of Dogs	2018	7.8	189399
tt5109280	movie	Raya and the Last Dragon	2021	7.3	170031
tt5164432	movie	Love, Simon	2018	7.5	124783
tt5171438	tvSeries	Star Trek: Discovery	2017	7.1	132062
tt5180504	tvSeries	The Witcher	2019	8.0	565580
tt5189670	tvSeries	Making a Murderer	2015	8.5	102289
tt5232792	tvSeries	Lost in Space	2018	7.3	105174
tt5290382	tvSeries	Mindhunter	2017	8.6	331483
tt5296406	tvSeries	Designated Survivor	2016	7.4	103407
tt5311514	movie	Your Name.	2016	8.4	314939
tt5348176	tvSeries	Barry	2018	8.4	120837
tt5362988	movie	Wind River	2017	7.7	278606
tt5363618	movie	Sound of Metal	2019	7.7	148650
tt5462602	movie	The Big Sick	2017	7.5	142944
tt5463162	movie	Deadpool 2	2018	7.6	639050
tt5537002	movie	Killers of the Flower Moon	2023	7.7	214560
tt5555260	tvSeries	This Is Us	2016	8.7	157638
tt5580036	movie	I, Tonya	2017	7.5	240736
tt5580390	movie	The Shape of Water	2017	7.3	445172
tt5606664	movie	Doctor Sleep	2019	7.3	216600
tt5649144	movie	The Florida Project	2017	7.6	127192
tt5675620	tvSeries	The Punisher	2017	8.4	262523
tt5687612	tvSeries	Fleabag	2016	8.7	197453
tt5700672	movie	Train to Busan	2016	7.6	254772
tt5726616	movie	Call Me by Your Name	2017	7.8	310589
tt5727208	movie	Uncut Gems	2019	7.4	315173
tt5753856	tvSeries	Dark	2017	8.7	438246
tt5776858	movie	Phantom Thread	2017	7.4	144403
tt5788792	tvSeries	The Marvelous Mrs. Maisel	2017	8.7	141612
tt5813916	movie	The Mountain II	2016	8.2	110136
tt5834204	tvSeries	The Handmaid's Tale	2017	8.4	256069
tt5971474	movie	The Little Mermaid	2023	7.2	153501
tt6048596	tvSeries	The Sinner	2017	7.9	137883
tt6146586	movie	John Wick: Chapter 3 - Parabellum	2019	7.4	421788
tt6155172	movie	Roma	2018	7.7	168968
tt6166392	movie	Wonka	2023	7.1	103520
tt6257970	tvSeries	The End of the F***ing World	2017	8.0	217515
tt6264654	movie	Free Guy	2021	7.1	419965
tt6266538	movie	Vice	2018	7.2	161331
tt6294822	movie	The Post	2017	7.2	161249
tt6315640	tvSeries	Atypical	2017	8.2	102638
tt6320628	movie	Spider-Man: Far from Home	2019	7.4	550419
tt6334354	movie	The Suicide Squad	2021	7.2	404429
tt6343314	movie	Creed II	2018	7.1	154324
tt6412452	movie	The Ballad of Buster Scruggs	2018	7.2	166617
tt6468322	tvSeries	Money Heist	2017	8.2	527242
tt6470478	tvSeries	The Good Doctor	2017	8.0	110988
tt6499752	movie	Upgrade	2018	7.5	204986
tt6628394	movie	Bad Times at the El Royale	2018	7.1	163585
tt6644200	movie	A Quiet Place	2018	7.5	578558
tt6710474	movie	Everything Everywhere All at Once	2022	7.8	521119
tt6723592	movie	Tenet	2020	7.3	583993
tt6741278	tvSeries	Invincible	2021	8.7	191885
tt6751668	movie	Parasite	2019	8.5	942264
tt6791350	movie	Guardians of the Galaxy Vol. 3	2023	7.9	372735
tt6966692	movie	Green Book	2018	8.2	560942
tt7016936	tvSeries	Killing Eve	2018	8.1	132413
tt7131622	movie	Once Upon a Time... in Hollywood	2019	7.6	836528
tt7146812	movie	Onward	2020	7.4	168267
tt7203552	tvSeries	The Morning Show	2019	8.2	128172
tt7221388	tvSeries	Cobra Kai	2018	8.5	202615
tt7286456	movie	Joker	2019	8.4	1465623
tt7322224	movie	Triangle of Sadness	2022	7.3	174217
tt7335184	tvSeries	You	2018	7.7	296240
tt7349662	movie	BlacKkKlansman	2018	7.5	289208
tt7395114	movie	The Devil All the Time	2020	7.1	151340
tt7401588	movie	Instant Family	2018	7.3	118524
tt7405458	movie	A Man Called Otto	2022	7.5	153999
tt7462410	tvSeries	The Wheel of Time	2021	7.2	135733
tt7493974	tvSeries	Bodyguard	2018	8.1	145763
tt7520794	tvSeries	Russian Doll	2019	7.7	106234
tt7569592	tvSeries	Chilling Adventures of Sabrina	2018	7.4	107453
tt7599146	movie	Sound of Freedom	2023	7.7	109837
tt7653254	movie	Marriage Story	2019	7.9	343499
tt7657124	tvSeries	The Heroes	2008	8.4	167748
tt7660850	tvSeries	Succession	2018	8.8	265663
tt7668870	movie	Searching	2018	7.6	179032
tt7767422	tvSeries	Sex Education	2019	8.3	347225
tt7784604	movie	Hereditary	2018	7.3	372906
tt7888964	movie	Nobody	2021	7.4	320308
tt7908628	tvSeries	What We Do in the Shadows	2019	8.6	100759
tt7979580	movie	The Mitchells vs. the Machines	2021	7.6	125287
tt7984734	movie	The Lighthouse	2019	7.4	251748
tt7984766	movie	The King	2019	7.3	150239
tt8009428	movie	Hustle	2022	7.3	142239
tt8108198	movie	Andhadhun	2018	8.2	101952
tt8110330	movie	Dil Bechara	2020	8.3	134495
tt8111088	tvSeries	The Mandalorian	2019	8.7	581077
tt8178634	movie	RRR	2022	7.8	165710
tt8267604	movie	Capernaum	2018	8.4	103752
tt8332922	movie	A Quiet Place Part II	2020	7.2	269547
tt8367814	movie	The Gentlemen	2019	7.8	386281
tt8398600	tvSeries	After Life	2019	8.4	151948
tt8404614	movie	The Two Popes	2019	7.6	132279
tt8503618	movie	Hamilton	2020	8.3	111808
tt8579674	movie	1917	2019	8.2	667111
tt8613070	movie	Portrait of a Lady on Fire	2019	8.1	107892
tt8721424	movie	tick, tick... BOOM!	2021	7.5	118698
tt8740790	tvSeries	Bridgerton	2020	7.4	165394
tt8772262	movie	Midsommar	2019	7.1	395801
tt8772296	tvSeries	Euphoria	2019	8.3	235255
tt8847712	movie	The French Dispatch	2021	7.1	148793
tt8946378	movie	Knives Out	2019	7.9	766639
tt9071322	movie	Dark Waters	2019	7.6	100147
tt9140554	tvSeries	Loki	2021	8.2	407219
tt9243946	movie	El Camino: A Breaking Bad Movie	2019	7.3	288442
tt9253284	tvSeries	Andor	2022	8.4	161644
tt9288030	tvSeries	Reacher	2022	8.1	202886
tt9319668	tvSeries	1899	2022	7.3	106773
tt9335498	tvSeries	Demon Slayer: Kimetsu no Yaiba	2019	8.6	143778
tt9362722	movie	Spider-Man: Across the Spider-Verse	2023	8.6	352654
tt9376612	movie	Shang-Chi and the Legend of the Ten Rings	2021	7.4	431134
tt9411972	movie	Where the Crawdads Sing	2022	7.2	117812
tt9484998	movie	Palm Springs	2020	7.4	180626
tt9495224	movie	Black Mirror: Bandersnatch	2018	7.1	135732
tt9561862	tvSeries	Love, Death & Robots	2019	8.4	194361
tt9603212	movie	Mission: Impossible - Dead Reckoning Part One	2023	7.7	236401
tt9620288	movie	King Richard	2021	7.5	134120
tt9620292	movie	Promising Young Woman	2020	7.5	209404
tt9764362	movie	The Menu	2022	7.2	383313
tt9770150	movie	Nomadland	2020	7.3	181108
